policy,N,workload,g,L,Q,pi,makespan_med,makespan_p5,makespan_p95,first_plain_med,first_plain_p5,first_plain_p95,plain_mean_med,plain_mean_p5,plain_mean_p95,plain_p50_med,plain_p50_p5,plain_p50_p95,plain_p95_med,plain_p95_p5,plain_p95_p95,lane_mean_med,lane_mean_p5,lane_mean_p95,lane_p95_med,lane_p95_p5,lane_p95_p95,drain_p50_med,drain_p50_p5,drain_p50_p95,drain_p95_med,drain_p95_p5,drain_p95_p95,drain_max_med,drain_max_p5,drain_max_p95,drain_share_med,drain_share_p5,drain_share_p95,drain_idle_slots_med,drain_idle_slots_p5,drain_idle_slots_p95,park_slot_minutes_med,park_slot_minutes_p5,park_slot_minutes_p95,integrator_util_med,integrator_util_p5,integrator_util_p95,conflicts_med,conflicts_p5,conflicts_p95,recovery_attempts_med,recovery_attempts_p5,recovery_attempts_p95,unpublished_med,unpublished_p5,unpublished_p95,cycles_med,cycles_p5,cycles_p95,drain_count_med,drain_count_p5,drain_count_p95,drain_grants_med,drain_grants_p5,drain_grants_p95,cohort_mean_med,cohort_mean_p5,cohort_mean_p95,cohort_p50_med,cohort_p50_p5,cohort_p50_p95,cohort_max_med,cohort_max_p5,cohort_max_p95,idle_slots_total_med,idle_slots_total_p5,idle_slots_total_p95,idle_with_lane_demand_med,idle_with_lane_demand_p5,idle_with_lane_demand_p95,agent_slot_util_med,agent_slot_util_p5,agent_slot_util_p95,held_slot_util_med,held_slot_util_p5,held_slot_util_p95,serial_turns_med,serial_turns_p5,serial_turns_p95,refill_turns_with_lanes_med,refill_turns_with_lanes_p5,refill_turns_with_lanes_p95,starved_plain_med,starved_plain_p5,starved_plain_p95,postwarm_plain_mean_med,postwarm_plain_mean_p5,postwarm_plain_mean_p95,priority_plain_mean_med,priority_plain_mean_p5,priority_plain_mean_p95,first_priority_plain_med,first_priority_plain_p5,first_priority_plain_p95,priority_plain_p95_med,priority_plain_p95_p5,priority_plain_p95_p95,priority_plain_count_med,priority_plain_count_p5,priority_plain_count_p95,normal_plain_count_med,normal_plain_count_p5,normal_plain_count_p95,normal_plain_mean_med,normal_plain_mean_p5,normal_plain_mean_p95,priority_fraction_med,priority_fraction_p5,priority_fraction_p95,unlicensed_plain_mean_med,unlicensed_plain_mean_p5,unlicensed_plain_mean_p95,unlicensed_plain_p95_med,unlicensed_plain_p95_p5,unlicensed_plain_p95_p95,unlicensed_plain_count_med,unlicensed_plain_count_p5,unlicensed_plain_count_p95,lane_supply_med,lane_supply_p5,lane_supply_p95,plain_supply_med,plain_supply_p5,plain_supply_p95,first_drain_med,first_drain_p5,first_drain_p95,delta_makespan_med,delta_makespan_p5,delta_makespan_p95,delta_first_plain_med,delta_first_plain_p5,delta_first_plain_p95,delta_plain_mean_med,delta_plain_mean_p5,delta_plain_mean_p95,delta_plain_p50_med,delta_plain_p50_p5,delta_plain_p50_p95,delta_plain_p95_med,delta_plain_p95_p5,delta_plain_p95_p95,delta_lane_mean_med,delta_lane_mean_p5,delta_lane_mean_p95,delta_lane_p95_med,delta_lane_p95_p5,delta_lane_p95_p95,delta_drain_p50_med,delta_drain_p50_p5,delta_drain_p50_p95,delta_drain_p95_med,delta_drain_p95_p5,delta_drain_p95_p95,delta_drain_max_med,delta_drain_max_p5,delta_drain_max_p95,delta_drain_share_med,delta_drain_share_p5,delta_drain_share_p95,delta_drain_idle_slots_med,delta_drain_idle_slots_p5,delta_drain_idle_slots_p95,delta_park_slot_minutes_med,delta_park_slot_minutes_p5,delta_park_slot_minutes_p95,delta_integrator_util_med,delta_integrator_util_p5,delta_integrator_util_p95,delta_conflicts_med,delta_conflicts_p5,delta_conflicts_p95,delta_recovery_attempts_med,delta_recovery_attempts_p5,delta_recovery_attempts_p95,delta_unpublished_med,delta_unpublished_p5,delta_unpublished_p95,delta_cycles_med,delta_cycles_p5,delta_cycles_p95,delta_drain_count_med,delta_drain_count_p5,delta_drain_count_p95,delta_drain_grants_med,delta_drain_grants_p5,delta_drain_grants_p95,delta_cohort_mean_med,delta_cohort_mean_p5,delta_cohort_mean_p95,delta_cohort_p50_med,delta_cohort_p50_p5,delta_cohort_p50_p95,delta_cohort_max_med,delta_cohort_max_p5,delta_cohort_max_p95,delta_idle_slots_total_med,delta_idle_slots_total_p5,delta_idle_slots_total_p95,delta_idle_with_lane_demand_med,delta_idle_with_lane_demand_p5,delta_idle_with_lane_demand_p95,delta_agent_slot_util_med,delta_agent_slot_util_p5,delta_agent_slot_util_p95,delta_held_slot_util_med,delta_held_slot_util_p5,delta_held_slot_util_p95,delta_serial_turns_med,delta_serial_turns_p5,delta_serial_turns_p95,delta_refill_turns_with_lanes_med,delta_refill_turns_with_lanes_p5,delta_refill_turns_with_lanes_p95,delta_starved_plain_med,delta_starved_plain_p5,delta_starved_plain_p95,delta_postwarm_plain_mean_med,delta_postwarm_plain_mean_p5,delta_postwarm_plain_mean_p95,delta_priority_plain_mean_med,delta_priority_plain_mean_p5,delta_priority_plain_mean_p95,delta_first_priority_plain_med,delta_first_priority_plain_p5,delta_first_priority_plain_p95,delta_priority_plain_p95_med,delta_priority_plain_p95_p5,delta_priority_plain_p95_p95,delta_priority_plain_count_med,delta_priority_plain_count_p5,delta_priority_plain_count_p95,delta_normal_plain_count_med,delta_normal_plain_count_p5,delta_normal_plain_count_p95,delta_normal_plain_mean_med,delta_normal_plain_mean_p5,delta_normal_plain_mean_p95,delta_priority_fraction_med,delta_priority_fraction_p5,delta_priority_fraction_p95,delta_unlicensed_plain_mean_med,delta_unlicensed_plain_mean_p5,delta_unlicensed_plain_mean_p95,delta_unlicensed_plain_p95_med,delta_unlicensed_plain_p95_p5,delta_unlicensed_plain_p95_p95,delta_unlicensed_plain_count_med,delta_unlicensed_plain_count_p5,delta_unlicensed_plain_count_p95,delta_lane_supply_med,delta_lane_supply_p5,delta_lane_supply_p95,delta_plain_supply_med,delta_plain_supply_p5,delta_plain_supply_p95,delta_first_drain_med,delta_first_drain_p5,delta_first_drain_p95
P0,16,A,10,6,20,0.1,911.25406,685.230897,1171.639659,241.659423,141.605926,441.516431,537.847472,428.375315,713.055167,527.402559,437.598658,688.711147,839.109113,628.133648,1090.083757,0.0,0.0,0.0,0.0,0.0,0.0,0.0,0.0,0.0,5.83596,0.0,12.126491,182.604353,95.474301,281.840029,0.191992,0.115333,0.305519,2642.748436,1278.248457,4133.749674,8.229778,0.0,243.201126,0.152605,0.073209,0.291136,2.0,0.0,4.55,4.0,0.0,10.55,0.0,0.0,1.0,1.0,1.0,1.0,1.0,1.0,1.0,20.0,20.0,21.0,6.0,6.0,6.0,6.0,6.0,6.0,6.0,6.0,6.0,14356.667208,10704.33699,18424.573703,0.0,0.0,0.0,0.019778,0.009698,0.02796,0.022587,0.013629,0.034375,20.0,20.0,21.0,0.0,0.0,0.0,0.0,0.0,0.0,0.0,0.0,0.0,200.189652,113.304241,328.919923,177.273044,93.834868,274.337337,207.273044,121.223994,373.16752,2.0,0.0,4.0,18.0,16.0,20.0,584.398148,448.549046,774.208377,0.1,0.1,0.1,0.0,0.0,0.0,0.0,0.0,0.0,0.0,0.0,0.0,6.0,6.0,6.0,20.0,20.0,20.0,182.604353,95.474301,281.840029,0.0,0.0,0.0,0.0,0.0,0.0,0.0,0.0,0.0,0.0,0.0,0.0,0.0,0.0,0.0,0.0,0.0,0.0,0.0,0.0,0.0,0.0,0.0,0.0,0.0,0.0,0.0,0.0,0.0,0.0,0.0,0.0,0.0,0.0,0.0,0.0,0.0,0.0,0.0,0.0,0.0,0.0,0.0,0.0,0.0,0.0,0.0,0.0,0.0,0.0,0.0,0.0,0.0,0.0,0.0,0.0,0.0,0.0,0.0,0.0,0.0,0.0,0.0,0.0,0.0,0.0,0.0,0.0,0.0,0.0,0.0,0.0,0.0,0.0,0.0,0.0,0.0,0.0,0.0,0.0,0.0,0.0,0.0,0.0,0.0,0.0,0.0,0.0,0.0,0.0,0.0,0.0,0.0,0.0,0.0,0.0,0.0,0.0,0.0,0.0,0.0,0.0,0.0,0.0,0.0,0.0,0.0,0.0,0.0,0.0,0.0,0.0,0.0,0.0,0.0,0.0,0.0,0.0,0.0,0.0,0.0,0.0,0.0,0.0,0.0,0.0,0.0,0.0,0.0,0.0,0.0,0.0
P1c.1,16,A,10,6,20,0.1,911.25406,685.230897,1171.639659,235.871183,63.22917,441.516431,527.19421,419.586696,700.519167,527.402559,437.598658,688.711147,839.109113,628.133648,1090.083757,39.137567,0.0,96.715951,39.137567,0.0,96.715951,0.0,0.0,0.0,5.83596,0.0,12.126491,182.604353,95.474301,281.840029,0.191992,0.115333,0.305519,2642.748436,1278.248457,4133.749674,8.229778,0.0,243.201126,0.152605,0.073209,0.291136,2.0,0.0,4.55,4.0,0.0,10.55,0.0,0.0,1.0,1.0,1.0,1.0,1.0,1.0,1.0,20.0,20.0,21.0,6.0,6.0,6.0,6.0,6.0,6.0,6.0,6.0,6.0,14356.667208,10704.33699,18424.573703,626.201067,0.0,1547.455213,0.019778,0.009698,0.02796,0.022587,0.013629,0.034375,20.0,20.0,21.0,1.0,0.0,1.0,0.0,0.0,0.0,0.0,0.0,0.0,121.857505,0.0,259.821656,0.0,0.0,0.0,194.239233,0.0,373.16752,2.0,0.0,4.0,18.0,16.0,20.0,584.398148,448.549046,774.208377,0.1,0.1,0.1,0.0,0.0,0.0,0.0,0.0,0.0,0.0,0.0,0.0,6.0,6.0,6.0,20.0,20.0,20.0,0.0,0.0,196.208853,0.0,0.0,0.0,0.0,-122.728252,0.0,-7.95448,-13.7111,0.0,0.0,0.0,0.0,0.0,0.0,0.0,39.137567,0.0,96.715951,39.137567,0.0,96.715951,0.0,0.0,0.0,0.0,0.0,0.0,0.0,0.0,0.0,0.0,0.0,0.0,0.0,0.0,0.0,0.0,-0.0,0.0,0.0,-0.0,0.0,0.0,0.0,0.0,0.0,0.0,0.0,0.0,0.0,0.0,0.0,0.0,0.0,0.0,0.0,0.0,0.0,0.0,0.0,0.0,0.0,0.0,0.0,0.0,0.0,0.0,0.0,0.0,0.0,0.0,0.0,626.201067,0.0,1547.455213,0.0,-0.0,0.0,0.0,0.0,0.0,0.0,0.0,0.0,1.0,0.0,1.0,0.0,0.0,0.0,0.0,0.0,0.0,-74.380759,-201.47183,-30.372975,-177.273044,-274.337337,-93.834868,-5.596175,-201.47183,0.0,0.0,0.0,0.0,0.0,0.0,0.0,0.0,0.0,0.0,0.0,0.0,0.0,0.0,0.0,0.0,0.0,0.0,0.0,0.0,0.0,0.0,0.0,0.0,0.0,0.0,0.0,0.0,-159.089602,-274.221993,0.0
P3c.1,16,A,10,6,20,0.1,911.25406,685.230897,1171.639659,235.871183,63.22917,441.516431,527.19421,419.586696,700.519167,527.402559,437.598658,688.711147,839.109113,628.133648,1090.083757,39.137567,0.0,96.715951,39.137567,0.0,96.715951,0.0,0.0,0.0,5.83596,0.0,12.126491,182.604353,95.474301,281.840029,0.191992,0.115333,0.305519,2642.748436,1278.248457,4133.749674,8.229778,0.0,243.201126,0.152605,0.073209,0.291136,2.0,0.0,4.55,4.0,0.0,10.55,0.0,0.0,1.0,1.0,1.0,1.0,1.0,1.0,1.0,20.0,20.0,21.0,6.0,6.0,6.0,6.0,6.0,6.0,6.0,6.0,6.0,14356.667208,10704.33699,18424.573703,626.201067,0.0,1547.455213,0.019778,0.009698,0.02796,0.022587,0.013629,0.034375,20.0,20.0,21.0,1.0,0.0,1.0,0.0,0.0,0.0,0.0,0.0,0.0,121.857505,0.0,259.821656,0.0,0.0,0.0,194.239233,0.0,373.16752,2.0,0.0,4.0,18.0,16.0,20.0,584.398148,448.549046,774.208377,0.1,0.1,0.1,0.0,0.0,0.0,0.0,0.0,0.0,0.0,0.0,0.0,6.0,6.0,6.0,20.0,20.0,20.0,0.0,0.0,196.208853,0.0,0.0,0.0,0.0,-122.728252,0.0,-7.95448,-13.7111,0.0,0.0,0.0,0.0,0.0,0.0,0.0,39.137567,0.0,96.715951,39.137567,0.0,96.715951,0.0,0.0,0.0,0.0,0.0,0.0,0.0,0.0,0.0,0.0,0.0,0.0,0.0,0.0,0.0,0.0,-0.0,0.0,0.0,-0.0,0.0,0.0,0.0,0.0,0.0,0.0,0.0,0.0,0.0,0.0,0.0,0.0,0.0,0.0,0.0,0.0,0.0,0.0,0.0,0.0,0.0,0.0,0.0,0.0,0.0,0.0,0.0,0.0,0.0,0.0,0.0,626.201067,0.0,1547.455213,0.0,-0.0,0.0,0.0,0.0,0.0,0.0,0.0,0.0,1.0,0.0,1.0,0.0,0.0,0.0,0.0,0.0,0.0,-74.380759,-201.47183,-30.372975,-177.273044,-274.337337,-93.834868,-5.596175,-201.47183,0.0,0.0,0.0,0.0,0.0,0.0,0.0,0.0,0.0,0.0,0.0,0.0,0.0,0.0,0.0,0.0,0.0,0.0,0.0,0.0,0.0,0.0,0.0,0.0,0.0,0.0,0.0,0.0,-159.089602,-274.221993,0.0
P0,16,A,10,6,20,0.3,911.25406,685.230897,1171.639659,340.38183,119.237341,512.238273,526.77722,422.372231,701.478158,528.264154,416.23126,710.555876,839.109113,628.133648,1071.790764,0.0,0.0,0.0,0.0,0.0,0.0,0.0,0.0,0.0,5.83596,0.0,12.126491,182.604353,95.474301,281.840029,0.191992,0.115333,0.305519,2642.748436,1278.248457,4133.749674,8.229778,0.0,243.201126,0.152605,0.073209,0.291136,2.0,0.0,4.55,4.0,0.0,10.55,0.0,0.0,1.0,1.0,1.0,1.0,1.0,1.0,1.0,20.0,20.0,21.0,6.0,6.0,6.0,6.0,6.0,6.0,6.0,6.0,6.0,14356.667208,10704.33699,18424.573703,0.0,0.0,0.0,0.019778,0.009698,0.02796,0.022587,0.013629,0.034375,20.0,20.0,21.0,0.0,0.0,0.0,0.0,0.0,0.0,0.0,0.0,0.0,285.209097,179.776601,412.71765,182.604353,95.474301,281.840029,363.657955,228.129976,540.549439,6.0,4.0,9.0,14.0,11.0,16.0,636.04825,484.978278,846.135117,0.3,0.3,0.3,0.0,0.0,0.0,0.0,0.0,0.0,0.0,0.0,0.0,6.0,6.0,6.0,20.0,20.0,20.0,182.604353,95.474301,281.840029,0.0,0.0,0.0,0.0,0.0,0.0,0.0,0.0,0.0,0.0,0.0,0.0,0.0,0.0,0.0,0.0,0.0,0.0,0.0,0.0,0.0,0.0,0.0,0.0,0.0,0.0,0.0,0.0,0.0,0.0,0.0,0.0,0.0,0.0,0.0,0.0,0.0,0.0,0.0,0.0,0.0,0.0,0.0,0.0,0.0,0.0,0.0,0.0,0.0,0.0,0.0,0.0,0.0,0.0,0.0,0.0,0.0,0.0,0.0,0.0,0.0,0.0,0.0,0.0,0.0,0.0,0.0,0.0,0.0,0.0,0.0,0.0,0.0,0.0,0.0,0.0,0.0,0.0,0.0,0.0,0.0,0.0,0.0,0.0,0.0,0.0,0.0,0.0,0.0,0.0,0.0,0.0,0.0,0.0,0.0,0.0,0.0,0.0,0.0,0.0,0.0,0.0,0.0,0.0,0.0,0.0,0.0,0.0,0.0,0.0,0.0,0.0,0.0,0.0,0.0,0.0,0.0,0.0,0.0,0.0,0.0,0.0,0.0,0.0,0.0,0.0,0.0,0.0,0.0,0.0,0.0,0.0
P1c.3,16,A,10,6,20,0.3,911.25406,685.230897,1171.639659,340.38183,0.0,512.238273,518.657402,414.275088,688.942158,528.264154,416.23126,710.555876,839.109113,628.133648,1071.790764,49.9471,1.687769,119.800361,49.9471,1.687769,119.800361,0.0,0.0,0.0,5.83596,0.0,12.126491,182.604353,95.474301,281.840029,0.191992,0.115333,0.305519,2642.748436,1278.248457,4133.749674,8.229778,0.0,243.201126,0.152605,0.073209,0.291136,2.0,0.0,4.55,4.0,0.0,10.55,0.0,0.0,1.0,1.0,1.0,1.0,1.0,1.0,1.0,20.0,20.0,21.0,6.0,6.0,6.0,6.0,6.0,6.0,6.0,6.0,6.0,14356.667208,10704.33699,18424.573703,799.1536,27.004307,1916.805773,0.019778,0.009698,0.02796,0.022587,0.013629,0.034375,20.0,20.0,21.0,1.0,1.0,1.0,0.0,0.0,0.0,0.0,0.0,0.0,255.414421,144.287624,374.18526,0.0,0.0,0.0,363.657955,228.129976,540.549439,6.0,4.0,9.0,14.0,11.0,16.0,636.04825,484.978278,846.135117,0.3,0.3,0.3,0.0,0.0,0.0,0.0,0.0,0.0,0.0,0.0,0.0,6.0,6.0,6.0,20.0,20.0,20.0,0.0,0.0,0.0,0.0,0.0,0.0,0.0,-268.391045,0.0,-9.130218,-14.092001,-4.773715,0.0,0.0,0.0,0.0,0.0,0.0,49.9471,1.687769,119.800361,49.9471,1.687769,119.800361,0.0,0.0,0.0,0.0,0.0,0.0,0.0,-0.0,0.0,0.0,0.0,0.0,0.0,-0.0,0.0,0.0,-0.0,0.0,0.0,-0.0,0.0,0.0,0.0,0.0,0.0,0.0,0.0,0.0,0.0,0.0,0.0,0.0,0.0,0.0,0.0,0.0,0.0,0.0,0.0,0.0,0.0,0.0,0.0,0.0,0.0,0.0,0.0,0.0,0.0,-0.0,0.0,799.1536,27.004307,1916.805773,0.0,0.0,0.0,0.0,0.0,0.0,0.0,0.0,0.0,1.0,1.0,1.0,0.0,0.0,0.0,0.0,0.0,0.0,-32.022633,-66.924611,-13.768832,-182.604353,-281.840029,-95.474301,0.0,0.0,0.0,0.0,0.0,0.0,0.0,0.0,0.0,0.0,0.0,0.0,0.0,0.0,0.0,0.0,0.0,0.0,0.0,0.0,0.0,0.0,0.0,0.0,0.0,0.0,0.0,0.0,0.0,0.0,-182.604353,-281.840029,-95.474301
P3c.3,16,A,10,6,20,0.3,911.25406,685.230897,1171.639659,340.38183,0.0,512.238273,518.657402,414.275088,688.942158,528.264154,416.23126,710.555876,839.109113,628.133648,1071.790764,49.9471,1.687769,119.800361,49.9471,1.687769,119.800361,0.0,0.0,0.0,5.83596,0.0,12.126491,182.604353,95.474301,281.840029,0.191992,0.115333,0.305519,2642.748436,1278.248457,4133.749674,8.229778,0.0,243.201126,0.152605,0.073209,0.291136,2.0,0.0,4.55,4.0,0.0,10.55,0.0,0.0,1.0,1.0,1.0,1.0,1.0,1.0,1.0,20.0,20.0,21.0,6.0,6.0,6.0,6.0,6.0,6.0,6.0,6.0,6.0,14356.667208,10704.33699,18424.573703,799.1536,27.004307,1916.805773,0.019778,0.009698,0.02796,0.022587,0.013629,0.034375,20.0,20.0,21.0,1.0,1.0,1.0,0.0,0.0,0.0,0.0,0.0,0.0,255.414421,144.287624,374.18526,0.0,0.0,0.0,363.657955,228.129976,540.549439,6.0,4.0,9.0,14.0,11.0,16.0,636.04825,484.978278,846.135117,0.3,0.3,0.3,0.0,0.0,0.0,0.0,0.0,0.0,0.0,0.0,0.0,6.0,6.0,6.0,20.0,20.0,20.0,0.0,0.0,0.0,0.0,0.0,0.0,0.0,-268.391045,0.0,-9.130218,-14.092001,-4.773715,0.0,0.0,0.0,0.0,0.0,0.0,49.9471,1.687769,119.800361,49.9471,1.687769,119.800361,0.0,0.0,0.0,0.0,0.0,0.0,0.0,-0.0,0.0,0.0,0.0,0.0,0.0,-0.0,0.0,0.0,-0.0,0.0,0.0,-0.0,0.0,0.0,0.0,0.0,0.0,0.0,0.0,0.0,0.0,0.0,0.0,0.0,0.0,0.0,0.0,0.0,0.0,0.0,0.0,0.0,0.0,0.0,0.0,0.0,0.0,0.0,0.0,0.0,0.0,-0.0,0.0,799.1536,27.004307,1916.805773,0.0,0.0,0.0,0.0,0.0,0.0,0.0,0.0,0.0,1.0,1.0,1.0,0.0,0.0,0.0,0.0,0.0,0.0,-32.022633,-66.924611,-13.768832,-182.604353,-281.840029,-95.474301,0.0,0.0,0.0,0.0,0.0,0.0,0.0,0.0,0.0,0.0,0.0,0.0,0.0,0.0,0.0,0.0,0.0,0.0,0.0,0.0,0.0,0.0,0.0,0.0,0.0,0.0,0.0,0.0,0.0,0.0,-182.604353,-281.840029,-95.474301
P0,16,B,10,0,0,0.1,2201.32859,2017.200292,2680.146642,1341.625968,712.785614,1591.648767,1616.170175,1418.734818,1889.618285,1628.35553,1433.436148,1976.222439,1977.215273,1698.993151,2259.094226,356.649884,288.019478,399.028363,713.299768,576.038956,798.056727,0.0,0.0,0.0,466.867141,315.1663,572.105626,709.606632,619.044667,823.283445,0.588236,0.496062,0.648512,13475.676013,12310.950075,15339.018818,6171.938514,4808.361996,7698.539091,0.585847,0.492854,0.641931,22.0,19.0,26.55,49.0,43.0,60.55,5.0,3.45,10.55,2.0,2.0,2.0,2.0,2.0,2.0,25.0,23.45,30.55,16.0,16.0,16.0,16.0,16.0,16.0,16.0,16.0,16.0,28328.613313,25154.957907,34589.873454,7349.552812,6088.558196,8171.523578,0.037671,0.030621,0.048072,0.209362,0.180358,0.244738,25.0,23.45,30.55,1.0,1.0,1.0,16.0,10.0,19.0,0.0,0.0,0.0,958.45724,608.149665,1240.160252,680.655428,548.163676,759.531059,1266.013187,608.149665,1533.089257,2.0,0.45,3.0,18.0,17.0,19.55,1677.765891,1462.747008,1985.664518,0.1,0.1,0.1,0.0,0.0,0.0,0.0,0.0,0.0,0.0,0.0,0.0,32.0,32.0,32.0,20.0,20.0,20.0,686.91357,550.044667,759.285614,0.0,0.0,0.0,0.0,0.0,0.0,0.0,0.0,0.0,0.0,0.0,0.0,0.0,0.0,0.0,0.0,0.0,0.0,0.0,0.0,0.0,0.0,0.0,0.0,0.0,0.0,0.0,0.0,0.0,0.0,0.0,0.0,0.0,0.0,0.0,0.0,0.0,0.0,0.0,0.0,0.0,0.0,0.0,0.0,0.0,0.0,0.0,0.0,0.0,0.0,0.0,0.0,0.0,0.0,0.0,0.0,0.0,0.0,0.0,0.0,0.0,0.0,0.0,0.0,0.0,0.0,0.0,0.0,0.0,0.0,0.0,0.0,0.0,0.0,0.0,0.0,0.0,0.0,0.0,0.0,0.0,0.0,0.0,0.0,0.0,0.0,0.0,0.0,0.0,0.0,0.0,0.0,0.0,0.0,0.0,0.0,0.0,0.0,0.0,0.0,0.0,0.0,0.0,0.0,0.0,0.0,0.0,0.0,0.0,0.0,0.0,0.0,0.0,0.0,0.0,0.0,0.0,0.0,0.0,0.0,0.0,0.0,0.0,0.0,0.0,0.0,0.0,0.0,0.0,0.0,0.0,0.0
P1c.1,16,B,10,0,0,0.1,2201.32859,2017.200292,2680.146642,1294.89753,587.303768,1591.648767,1551.960868,1356.600418,1815.214681,1628.35553,1433.436148,1976.222439,1977.215273,1698.993151,2259.094226,369.55533,315.412808,476.516382,727.356886,604.440423,850.274956,0.0,0.0,0.0,466.867141,315.1663,572.105626,709.606632,619.044667,823.283445,0.588236,0.496062,0.648512,13475.676013,12310.950075,15339.018818,6171.938514,4808.361996,7698.539091,0.585847,0.492854,0.641931,22.0,19.0,26.55,49.0,43.0,60.55,5.0,3.45,10.55,2.0,2.0,2.0,2.0,2.0,2.0,25.0,23.45,30.55,16.0,16.0,16.0,16.0,16.0,16.0,16.0,16.0,16.0,28328.613313,25154.957907,34589.873454,7492.778931,6250.232596,9353.452941,0.037671,0.030621,0.048072,0.209362,0.180358,0.244738,25.0,23.45,30.55,2.0,1.45,2.0,16.0,10.0,18.0,0.0,0.0,0.0,342.906486,0.0,784.256611,0.0,0.0,0.0,651.522324,0.0,1481.031307,2.0,0.45,3.0,18.0,17.0,19.55,1673.781161,1445.946242,1985.664518,0.1,0.1,0.1,0.0,0.0,0.0,0.0,0.0,0.0,0.0,0.0,0.0,32.0,32.0,32.0,20.0,20.0,20.0,0.0,0.0,385.214566,0.0,0.0,0.0,0.0,-763.217498,0.0,-65.08203,-75.340191,-25.880674,0.0,0.0,0.0,0.0,0.0,0.0,23.551879,0.431441,74.14512,13.836325,0.088312,70.327408,0.0,0.0,0.0,0.0,-0.0,0.0,0.0,-0.0,0.0,0.0,0.0,0.0,0.0,-0.0,0.0,0.0,-0.0,0.0,0.0,0.0,0.0,0.0,0.0,0.0,0.0,0.0,0.0,0.0,0.0,0.0,0.0,0.0,0.0,0.0,0.0,0.0,0.0,0.0,0.0,0.0,0.0,0.0,0.0,0.0,0.0,0.0,0.0,0.0,0.0,-0.0,0.0,221.3812,1.413,1125.23852,0.0,-0.0,0.0,0.0,-0.0,0.0,0.0,0.0,0.0,1.0,0.45,1.0,0.0,-1.0,0.0,0.0,0.0,0.0,-643.538773,-736.450537,-426.648758,-680.655428,-759.531059,-548.163676,-604.955411,-774.540119,-62.079472,0.0,0.0,0.0,0.0,0.0,0.0,0.0,-40.169342,0.0,0.0,0.0,0.0,0.0,0.0,0.0,0.0,0.0,0.0,0.0,0.0,0.0,0.0,0.0,0.0,0.0,0.0,0.0,-676.085681,-759.285614,-234.175554
P3c.1,16,B,10,0,0,0.1,2201.32859,2017.200292,2680.146642,1305.727714,835.399739,1591.648767,1553.375684,1428.712586,1815.214681,1656.147819,1482.572863,1976.222439,2000.191588,1779.147706,2259.094226,362.980716,267.899253,476.516382,806.442849,562.256707,1086.285095,0.0,0.0,0.0,433.495273,124.623733,572.105626,720.985163,629.0,837.5,0.560586,0.420707,0.635118,13260.972709,8069.45994,15115.805272,6814.825099,4921.822453,10607.86379,0.585847,0.486662,0.654814,22.0,19.45,26.55,49.0,42.45,59.55,5.0,2.9,10.55,2.0,2.0,2.0,2.0,2.0,2.0,25.0,22.9,30.55,16.0,12.225,16.0,16.0,12.225,16.0,16.0,16.0,16.0,28060.545942,21261.983022,34589.873454,7632.029623,5767.720365,9632.006061,0.036631,0.03136,0.047863,0.213854,0.182905,0.365905,25.0,22.9,30.55,2.0,1.0,2.0,16.5,11.45,18.0,0.0,0.0,0.0,342.906486,0.0,784.256611,0.0,0.0,0.0,651.522324,0.0,1481.031307,2.0,0.45,3.0,18.0,17.0,19.55,1677.765891,1503.907986,1985.664518,0.1,0.1,0.1,0.0,0.0,0.0,0.0,0.0,0.0,0.0,0.0,0.0,32.0,32.0,32.0,20.0,20.0,20.0,0.0,0.0,396.0,0.0,-155.852037,76.457562,0.0,-588.783138,202.27083,-64.550879,-125.007628,70.213366,0.0,-105.20256,89.997835,0.0,-105.20256,89.997835,16.755317,-91.953935,74.14512,51.167058,0.196475,437.304217,0.0,0.0,0.0,0.0,-297.333601,0.0,0.0,-11.506405,114.02076,0.0,-0.189723,0.0,0.0,-3908.895724,0.0,0.0,-0.0,4745.450356,0.0,-0.010633,0.016292,0.0,-2.0,1.0,0.0,-5.55,3.0,0.0,-1.55,1.0,0.0,0.0,0.0,0.0,0.0,0.0,0.0,-1.55,1.0,0.0,-3.775,0.0,0.0,-3.775,0.0,0.0,0.0,0.0,0.0,-4337.240323,0.0,252.4936,-1018.909373,1588.679189,0.0,-0.001595,0.002297,0.0,-0.0,0.144437,0.0,-1.55,1.0,1.0,0.0,1.0,0.0,-2.1,3.1,0.0,0.0,0.0,-643.538773,-736.450537,-426.648758,-680.655428,-759.531059,-548.163676,-604.955411,-774.540119,-62.079472,0.0,0.0,0.0,0.0,0.0,0.0,0.0,-107.370371,92.229838,0.0,0.0,0.0,0.0,0.0,0.0,0.0,0.0,0.0,0.0,0.0,0.0,0.0,0.0,0.0,0.0,0.0,0.0,-676.085681,-759.285614,-223.390119
P0,16,B,10,0,0,0.3,2201.32859,2017.200292,2680.146642,1383.375114,610.283445,1727.128411,1638.643796,1422.05926,1859.720321,1679.624562,1420.573624,1917.494373,1986.817054,1714.271749,2259.094226,353.749192,293.651884,401.610997,707.498384,587.303768,803.221994,0.0,0.0,0.0,466.867141,315.1663,572.105626,709.606632,619.044667,823.283445,0.588236,0.496062,0.648512,13475.676013,12310.950075,15339.018818,6171.938514,4808.361996,7698.539091,0.585847,0.492854,0.641931,22.0,19.0,26.55,49.0,43.0,60.55,5.0,3.45,10.55,2.0,2.0,2.0,2.0,2.0,2.0,25.0,23.45,30.55,16.0,16.0,16.0,16.0,16.0,16.0,16.0,16.0,16.0,28328.613313,25154.957907,34589.873454,7399.284577,6330.048372,8694.971394,0.037671,0.030621,0.048072,0.209362,0.180358,0.244738,25.0,23.45,30.55,1.0,1.0,1.0,16.5,9.0,19.0,0.0,0.0,0.0,1255.426049,1026.854924,1484.870632,686.91357,550.044667,759.285614,1462.698908,1251.19619,1708.73524,5.0,3.0,8.0,15.0,12.0,17.0,1764.923376,1517.089812,2043.045976,0.3,0.3,0.3,0.0,0.0,0.0,0.0,0.0,0.0,0.0,0.0,0.0,32.0,32.0,32.0,20.0,20.0,20.0,686.91357,550.044667,759.285614,0.0,0.0,0.0,0.0,0.0,0.0,0.0,0.0,0.0,0.0,0.0,0.0,0.0,0.0,0.0,0.0,0.0,0.0,0.0,0.0,0.0,0.0,0.0,0.0,0.0,0.0,0.0,0.0,0.0,0.0,0.0,0.0,0.0,0.0,0.0,0.0,0.0,0.0,0.0,0.0,0.0,0.0,0.0,0.0,0.0,0.0,0.0,0.0,0.0,0.0,0.0,0.0,0.0,0.0,0.0,0.0,0.0,0.0,0.0,0.0,0.0,0.0,0.0,0.0,0.0,0.0,0.0,0.0,0.0,0.0,0.0,0.0,0.0,0.0,0.0,0.0,0.0,0.0,0.0,0.0,0.0,0.0,0.0,0.0,0.0,0.0,0.0,0.0,0.0,0.0,0.0,0.0,0.0,0.0,0.0,0.0,0.0,0.0,0.0,0.0,0.0,0.0,0.0,0.0,0.0,0.0,0.0,0.0,0.0,0.0,0.0,0.0,0.0,0.0,0.0,0.0,0.0,0.0,0.0,0.0,0.0,0.0,0.0,0.0,0.0,0.0,0.0,0.0,0.0,0.0,0.0,0.0
P1c.3,16,B,10,0,0,0.3,2201.32859,2017.200292,2680.146642,1383.375114,0.0,1727.128411,1572.492962,1359.583822,1785.316717,1679.624562,1420.573624,1917.494373,1986.817054,1714.271749,2259.094226,371.201158,308.973374,467.396684,722.76912,599.084914,855.653009,0.0,0.0,0.0,466.867141,315.1663,572.105626,709.606632,619.044667,823.283445,0.588236,0.496062,0.648512,13475.676013,12310.950075,15339.018818,6171.938514,4808.361996,7698.539091,0.585847,0.492854,0.641931,22.0,19.0,26.55,49.0,43.0,60.55,5.0,3.45,10.55,2.0,2.0,2.0,2.0,2.0,2.0,25.0,23.45,30.55,16.0,16.0,16.0,16.0,16.0,16.0,16.0,16.0,16.0,28328.613313,25154.957907,34589.873454,7706.003188,6528.799771,9341.534137,0.037671,0.030621,0.048072,0.209362,0.180358,0.244738,25.0,23.45,30.55,2.0,2.0,2.0,16.5,9.0,18.0,0.0,0.0,0.0,1029.006191,620.002084,1277.680697,0.0,0.0,0.0,1462.698908,1191.506769,1708.73524,5.0,3.0,8.0,15.0,12.0,17.0,1764.923376,1517.089812,2043.045976,0.3,0.3,0.3,0.0,0.0,0.0,0.0,0.0,0.0,0.0,0.0,0.0,32.0,32.0,32.0,20.0,20.0,20.0,0.0,0.0,0.0,0.0,0.0,0.0,0.0,-751.390119,0.0,-65.370364,-76.621739,-59.102005,0.0,0.0,0.0,0.0,0.0,0.0,24.768004,6.217995,72.787049,23.34965,0.198347,77.298204,0.0,0.0,0.0,0.0,-0.0,0.0,0.0,0.0,0.0,0.0,0.0,0.0,0.0,-0.0,0.0,0.0,-0.0,0.0,0.0,0.0,0.0,0.0,0.0,0.0,0.0,0.0,0.0,0.0,0.0,0.0,0.0,0.0,0.0,0.0,0.0,0.0,0.0,0.0,0.0,0.0,0.0,0.0,0.0,0.0,0.0,0.0,0.0,0.0,0.0,0.0,0.0,373.5944,3.17356,1236.771267,0.0,-0.0,0.0,0.0,-0.0,0.0,0.0,0.0,0.0,1.0,1.0,1.0,0.0,-1.0,0.0,0.0,0.0,0.0,-251.753438,-424.771926,-159.371079,-686.91357,-759.285614,-550.044667,0.0,-63.392566,0.0,0.0,0.0,0.0,0.0,0.0,0.0,0.0,0.0,0.0,0.0,0.0,0.0,0.0,0.0,0.0,0.0,0.0,0.0,0.0,0.0,0.0,0.0,0.0,0.0,0.0,0.0,0.0,-686.91357,-759.285614,-550.044667
P3c.3,16,B,10,0,0,0.3,2201.32859,2017.200292,2680.146642,1383.375114,0.0,1727.128411,1572.492962,1359.583822,1785.316717,1679.624562,1420.573624,1917.494373,1986.817054,1714.271749,2259.094226,371.201158,308.973374,467.396684,722.76912,599.084914,855.653009,0.0,0.0,0.0,466.867141,315.1663,572.105626,709.606632,619.044667,823.283445,0.588236,0.496062,0.648512,13475.676013,12310.950075,15339.018818,6171.938514,4808.361996,7698.539091,0.585847,0.492854,0.641931,22.0,19.0,26.55,49.0,43.0,60.55,5.0,3.45,10.55,2.0,2.0,2.0,2.0,2.0,2.0,25.0,23.45,30.55,16.0,16.0,16.0,16.0,16.0,16.0,16.0,16.0,16.0,28328.613313,25154.957907,34589.873454,7706.003188,6528.799771,9341.534137,0.037671,0.030621,0.048072,0.209362,0.180358,0.244738,25.0,23.45,30.55,2.0,2.0,2.0,16.5,9.0,18.0,0.0,0.0,0.0,1029.006191,620.002084,1277.680697,0.0,0.0,0.0,1462.698908,1191.506769,1708.73524,5.0,3.0,8.0,15.0,12.0,17.0,1764.923376,1517.089812,2043.045976,0.3,0.3,0.3,0.0,0.0,0.0,0.0,0.0,0.0,0.0,0.0,0.0,32.0,32.0,32.0,20.0,20.0,20.0,0.0,0.0,0.0,0.0,0.0,0.0,0.0,-751.390119,0.0,-65.370364,-76.621739,-59.102005,0.0,0.0,0.0,0.0,0.0,0.0,24.768004,6.217995,72.787049,23.34965,0.198347,77.298204,0.0,0.0,0.0,0.0,-0.0,0.0,0.0,0.0,0.0,0.0,0.0,0.0,0.0,-0.0,0.0,0.0,-0.0,0.0,0.0,0.0,0.0,0.0,0.0,0.0,0.0,0.0,0.0,0.0,0.0,0.0,0.0,0.0,0.0,0.0,0.0,0.0,0.0,0.0,0.0,0.0,0.0,0.0,0.0,0.0,0.0,0.0,0.0,0.0,0.0,0.0,0.0,373.5944,3.17356,1236.771267,0.0,-0.0,0.0,0.0,-0.0,0.0,0.0,0.0,0.0,1.0,1.0,1.0,0.0,-1.0,0.0,0.0,0.0,0.0,-251.753438,-424.771926,-159.371079,-686.91357,-759.285614,-550.044667,0.0,-63.392566,0.0,0.0,0.0,0.0,0.0,0.0,0.0,0.0,0.0,0.0,0.0,0.0,0.0,0.0,0.0,0.0,0.0,0.0,0.0,0.0,0.0,0.0,0.0,0.0,0.0,0.0,0.0,0.0,-686.91357,-759.285614,-550.044667
P0,60,A,10,6,20,0.1,911.25406,685.230897,1171.639659,241.659423,141.605926,441.516431,537.847472,428.375315,713.055167,527.402559,437.598658,688.711147,839.109113,628.133648,1090.083757,0.0,0.0,0.0,0.0,0.0,0.0,0.0,0.0,0.0,5.83596,0.0,12.126491,182.604353,95.474301,281.840029,0.191992,0.115333,0.305519,10677.339982,5479.117706,16567.581192,8.229778,0.0,243.201126,0.152605,0.073209,0.291136,2.0,0.0,4.55,4.0,0.0,10.55,0.0,0.0,1.0,1.0,1.0,1.0,1.0,1.0,1.0,20.0,20.0,21.0,6.0,6.0,6.0,6.0,6.0,6.0,6.0,6.0,6.0,54451.845859,40854.496446,69976.718713,0.0,0.0,0.0,0.005274,0.002586,0.007456,0.006023,0.003634,0.009167,20.0,20.0,21.0,0.0,0.0,0.0,0.0,0.0,0.0,0.0,0.0,0.0,200.189652,113.304241,328.919923,177.273044,93.834868,274.337337,207.273044,121.223994,373.16752,2.0,0.0,4.0,18.0,16.0,20.0,584.398148,448.549046,774.208377,0.1,0.1,0.1,0.0,0.0,0.0,0.0,0.0,0.0,0.0,0.0,0.0,6.0,6.0,6.0,20.0,20.0,20.0,182.604353,95.474301,281.840029,0.0,0.0,0.0,0.0,0.0,0.0,0.0,0.0,0.0,0.0,0.0,0.0,0.0,0.0,0.0,0.0,0.0,0.0,0.0,0.0,0.0,0.0,0.0,0.0,0.0,0.0,0.0,0.0,0.0,0.0,0.0,0.0,0.0,0.0,0.0,0.0,0.0,0.0,0.0,0.0,0.0,0.0,0.0,0.0,0.0,0.0,0.0,0.0,0.0,0.0,0.0,0.0,0.0,0.0,0.0,0.0,0.0,0.0,0.0,0.0,0.0,0.0,0.0,0.0,0.0,0.0,0.0,0.0,0.0,0.0,0.0,0.0,0.0,0.0,0.0,0.0,0.0,0.0,0.0,0.0,0.0,0.0,0.0,0.0,0.0,0.0,0.0,0.0,0.0,0.0,0.0,0.0,0.0,0.0,0.0,0.0,0.0,0.0,0.0,0.0,0.0,0.0,0.0,0.0,0.0,0.0,0.0,0.0,0.0,0.0,0.0,0.0,0.0,0.0,0.0,0.0,0.0,0.0,0.0,0.0,0.0,0.0,0.0,0.0,0.0,0.0,0.0,0.0,0.0,0.0,0.0,0.0
P1c.1,60,A,10,6,20,0.1,911.25406,685.230897,1171.639659,235.871183,63.22917,441.516431,527.19421,419.586696,700.519167,527.402559,437.598658,688.711147,839.109113,628.133648,1090.083757,39.137567,0.0,96.715951,39.137567,0.0,96.715951,0.0,0.0,0.0,5.83596,0.0,12.126491,182.604353,95.474301,281.840029,0.191992,0.115333,0.305519,10677.339982,5479.117706,16567.581192,8.229778,0.0,243.201126,0.152605,0.073209,0.291136,2.0,0.0,4.55,4.0,0.0,10.55,0.0,0.0,1.0,1.0,1.0,1.0,1.0,1.0,1.0,20.0,20.0,21.0,6.0,6.0,6.0,6.0,6.0,6.0,6.0,6.0,6.0,54451.845859,40854.496446,69976.718713,2348.254,0.0,5802.95705,0.005274,0.002586,0.007456,0.006023,0.003634,0.009167,20.0,20.0,21.0,1.0,0.0,1.0,0.0,0.0,0.0,0.0,0.0,0.0,121.857505,0.0,259.821656,0.0,0.0,0.0,194.239233,0.0,373.16752,2.0,0.0,4.0,18.0,16.0,20.0,584.398148,448.549046,774.208377,0.1,0.1,0.1,0.0,0.0,0.0,0.0,0.0,0.0,0.0,0.0,0.0,6.0,6.0,6.0,20.0,20.0,20.0,0.0,0.0,196.208853,0.0,0.0,0.0,0.0,-122.728252,0.0,-7.95448,-13.7111,0.0,0.0,0.0,0.0,0.0,0.0,0.0,39.137567,0.0,96.715951,39.137567,0.0,96.715951,0.0,0.0,0.0,0.0,0.0,0.0,0.0,0.0,0.0,0.0,0.0,0.0,0.0,0.0,0.0,0.0,-0.0,0.0,0.0,-0.0,0.0,0.0,0.0,0.0,0.0,0.0,0.0,0.0,0.0,0.0,0.0,0.0,0.0,0.0,0.0,0.0,0.0,0.0,0.0,0.0,0.0,0.0,0.0,0.0,0.0,0.0,0.0,0.0,0.0,-0.0,0.0,2348.254,0.0,5802.95705,0.0,-0.0,0.0,0.0,0.0,0.0,0.0,0.0,0.0,1.0,0.0,1.0,0.0,0.0,0.0,0.0,0.0,0.0,-74.380759,-201.47183,-30.372975,-177.273044,-274.337337,-93.834868,-5.596175,-201.47183,0.0,0.0,0.0,0.0,0.0,0.0,0.0,0.0,0.0,0.0,0.0,0.0,0.0,0.0,0.0,0.0,0.0,0.0,0.0,0.0,0.0,0.0,0.0,0.0,0.0,0.0,0.0,0.0,-159.089602,-274.221993,0.0
P3c.1,60,A,10,6,20,0.1,911.25406,685.230897,1171.639659,235.871183,63.22917,441.516431,527.19421,419.586696,700.519167,527.402559,437.598658,688.711147,839.109113,628.133648,1090.083757,39.137567,0.0,96.715951,39.137567,0.0,96.715951,0.0,0.0,0.0,5.83596,0.0,12.126491,182.604353,95.474301,281.840029,0.191992,0.115333,0.305519,10677.339982,5479.117706,16567.581192,8.229778,0.0,243.201126,0.152605,0.073209,0.291136,2.0,0.0,4.55,4.0,0.0,10.55,0.0,0.0,1.0,1.0,1.0,1.0,1.0,1.0,1.0,20.0,20.0,21.0,6.0,6.0,6.0,6.0,6.0,6.0,6.0,6.0,6.0,54451.845859,40854.496446,69976.718713,2348.254,0.0,5802.95705,0.005274,0.002586,0.007456,0.006023,0.003634,0.009167,20.0,20.0,21.0,1.0,0.0,1.0,0.0,0.0,0.0,0.0,0.0,0.0,121.857505,0.0,259.821656,0.0,0.0,0.0,194.239233,0.0,373.16752,2.0,0.0,4.0,18.0,16.0,20.0,584.398148,448.549046,774.208377,0.1,0.1,0.1,0.0,0.0,0.0,0.0,0.0,0.0,0.0,0.0,0.0,6.0,6.0,6.0,20.0,20.0,20.0,0.0,0.0,196.208853,0.0,0.0,0.0,0.0,-122.728252,0.0,-7.95448,-13.7111,0.0,0.0,0.0,0.0,0.0,0.0,0.0,39.137567,0.0,96.715951,39.137567,0.0,96.715951,0.0,0.0,0.0,0.0,0.0,0.0,0.0,0.0,0.0,0.0,0.0,0.0,0.0,0.0,0.0,0.0,-0.0,0.0,0.0,-0.0,0.0,0.0,0.0,0.0,0.0,0.0,0.0,0.0,0.0,0.0,0.0,0.0,0.0,0.0,0.0,0.0,0.0,0.0,0.0,0.0,0.0,0.0,0.0,0.0,0.0,0.0,0.0,0.0,0.0,-0.0,0.0,2348.254,0.0,5802.95705,0.0,-0.0,0.0,0.0,0.0,0.0,0.0,0.0,0.0,1.0,0.0,1.0,0.0,0.0,0.0,0.0,0.0,0.0,-74.380759,-201.47183,-30.372975,-177.273044,-274.337337,-93.834868,-5.596175,-201.47183,0.0,0.0,0.0,0.0,0.0,0.0,0.0,0.0,0.0,0.0,0.0,0.0,0.0,0.0,0.0,0.0,0.0,0.0,0.0,0.0,0.0,0.0,0.0,0.0,0.0,0.0,0.0,0.0,-159.089602,-274.221993,0.0
P0,60,A,10,6,20,0.3,911.25406,685.230897,1171.639659,340.38183,119.237341,512.238273,526.77722,422.372231,701.478158,528.264154,416.23126,710.555876,839.109113,628.133648,1071.790764,0.0,0.0,0.0,0.0,0.0,0.0,0.0,0.0,0.0,5.83596,0.0,12.126491,182.604353,95.474301,281.840029,0.191992,0.115333,0.305519,10677.339982,5479.117706,16567.581192,8.229778,0.0,243.201126,0.152605,0.073209,0.291136,2.0,0.0,4.55,4.0,0.0,10.55,0.0,0.0,1.0,1.0,1.0,1.0,1.0,1.0,1.0,20.0,20.0,21.0,6.0,6.0,6.0,6.0,6.0,6.0,6.0,6.0,6.0,54451.845859,40854.496446,69976.718713,0.0,0.0,0.0,0.005274,0.002586,0.007456,0.006023,0.003634,0.009167,20.0,20.0,21.0,0.0,0.0,0.0,0.0,0.0,0.0,0.0,0.0,0.0,285.209097,179.776601,412.71765,182.604353,95.474301,281.840029,363.657955,228.129976,540.549439,6.0,4.0,9.0,14.0,11.0,16.0,636.04825,484.978278,846.135117,0.3,0.3,0.3,0.0,0.0,0.0,0.0,0.0,0.0,0.0,0.0,0.0,6.0,6.0,6.0,20.0,20.0,20.0,182.604353,95.474301,281.840029,0.0,0.0,0.0,0.0,0.0,0.0,0.0,0.0,0.0,0.0,0.0,0.0,0.0,0.0,0.0,0.0,0.0,0.0,0.0,0.0,0.0,0.0,0.0,0.0,0.0,0.0,0.0,0.0,0.0,0.0,0.0,0.0,0.0,0.0,0.0,0.0,0.0,0.0,0.0,0.0,0.0,0.0,0.0,0.0,0.0,0.0,0.0,0.0,0.0,0.0,0.0,0.0,0.0,0.0,0.0,0.0,0.0,0.0,0.0,0.0,0.0,0.0,0.0,0.0,0.0,0.0,0.0,0.0,0.0,0.0,0.0,0.0,0.0,0.0,0.0,0.0,0.0,0.0,0.0,0.0,0.0,0.0,0.0,0.0,0.0,0.0,0.0,0.0,0.0,0.0,0.0,0.0,0.0,0.0,0.0,0.0,0.0,0.0,0.0,0.0,0.0,0.0,0.0,0.0,0.0,0.0,0.0,0.0,0.0,0.0,0.0,0.0,0.0,0.0,0.0,0.0,0.0,0.0,0.0,0.0,0.0,0.0,0.0,0.0,0.0,0.0,0.0,0.0,0.0,0.0,0.0,0.0
P1c.3,60,A,10,6,20,0.3,911.25406,685.230897,1171.639659,340.38183,0.0,512.238273,518.657402,414.275088,688.942158,528.264154,416.23126,710.555876,839.109113,628.133648,1071.790764,49.9471,1.687769,119.800361,49.9471,1.687769,119.800361,0.0,0.0,0.0,5.83596,0.0,12.126491,182.604353,95.474301,281.840029,0.191992,0.115333,0.305519,10677.339982,5479.117706,16567.581192,8.229778,0.0,243.201126,0.152605,0.073209,0.291136,2.0,0.0,4.55,4.0,0.0,10.55,0.0,0.0,1.0,1.0,1.0,1.0,1.0,1.0,1.0,20.0,20.0,21.0,6.0,6.0,6.0,6.0,6.0,6.0,6.0,6.0,6.0,54451.845859,40854.496446,69976.718713,2996.826,101.26615,7188.02165,0.005274,0.002586,0.007456,0.006023,0.003634,0.009167,20.0,20.0,21.0,1.0,1.0,1.0,0.0,0.0,0.0,0.0,0.0,0.0,255.414421,144.287624,374.18526,0.0,0.0,0.0,363.657955,228.129976,540.549439,6.0,4.0,9.0,14.0,11.0,16.0,636.04825,484.978278,846.135117,0.3,0.3,0.3,0.0,0.0,0.0,0.0,0.0,0.0,0.0,0.0,0.0,6.0,6.0,6.0,20.0,20.0,20.0,0.0,0.0,0.0,0.0,0.0,0.0,0.0,-268.391045,0.0,-9.130218,-14.092001,-4.773715,0.0,0.0,0.0,0.0,0.0,0.0,49.9471,1.687769,119.800361,49.9471,1.687769,119.800361,0.0,0.0,0.0,0.0,0.0,0.0,0.0,-0.0,0.0,0.0,0.0,0.0,0.0,-0.0,0.0,0.0,-0.0,0.0,0.0,-0.0,0.0,0.0,0.0,0.0,0.0,0.0,0.0,0.0,0.0,0.0,0.0,0.0,0.0,0.0,0.0,0.0,0.0,0.0,0.0,0.0,0.0,0.0,0.0,0.0,0.0,0.0,0.0,0.0,0.0,-0.0,0.0,2996.826,101.26615,7188.02165,0.0,0.0,0.0,0.0,0.0,0.0,0.0,0.0,0.0,1.0,1.0,1.0,0.0,0.0,0.0,0.0,0.0,0.0,-32.022633,-66.924611,-13.768832,-182.604353,-281.840029,-95.474301,0.0,0.0,0.0,0.0,0.0,0.0,0.0,0.0,0.0,0.0,0.0,0.0,0.0,0.0,0.0,0.0,0.0,0.0,0.0,0.0,0.0,0.0,0.0,0.0,0.0,0.0,0.0,0.0,0.0,0.0,-182.604353,-281.840029,-95.474301
P3c.3,60,A,10,6,20,0.3,911.25406,685.230897,1171.639659,340.38183,0.0,512.238273,518.657402,414.275088,688.942158,528.264154,416.23126,710.555876,839.109113,628.133648,1071.790764,49.9471,1.687769,119.800361,49.9471,1.687769,119.800361,0.0,0.0,0.0,5.83596,0.0,12.126491,182.604353,95.474301,281.840029,0.191992,0.115333,0.305519,10677.339982,5479.117706,16567.581192,8.229778,0.0,243.201126,0.152605,0.073209,0.291136,2.0,0.0,4.55,4.0,0.0,10.55,0.0,0.0,1.0,1.0,1.0,1.0,1.0,1.0,1.0,20.0,20.0,21.0,6.0,6.0,6.0,6.0,6.0,6.0,6.0,6.0,6.0,54451.845859,40854.496446,69976.718713,2996.826,101.26615,7188.02165,0.005274,0.002586,0.007456,0.006023,0.003634,0.009167,20.0,20.0,21.0,1.0,1.0,1.0,0.0,0.0,0.0,0.0,0.0,0.0,255.414421,144.287624,374.18526,0.0,0.0,0.0,363.657955,228.129976,540.549439,6.0,4.0,9.0,14.0,11.0,16.0,636.04825,484.978278,846.135117,0.3,0.3,0.3,0.0,0.0,0.0,0.0,0.0,0.0,0.0,0.0,0.0,6.0,6.0,6.0,20.0,20.0,20.0,0.0,0.0,0.0,0.0,0.0,0.0,0.0,-268.391045,0.0,-9.130218,-14.092001,-4.773715,0.0,0.0,0.0,0.0,0.0,0.0,49.9471,1.687769,119.800361,49.9471,1.687769,119.800361,0.0,0.0,0.0,0.0,0.0,0.0,0.0,-0.0,0.0,0.0,0.0,0.0,0.0,-0.0,0.0,0.0,-0.0,0.0,0.0,-0.0,0.0,0.0,0.0,0.0,0.0,0.0,0.0,0.0,0.0,0.0,0.0,0.0,0.0,0.0,0.0,0.0,0.0,0.0,0.0,0.0,0.0,0.0,0.0,0.0,0.0,0.0,0.0,0.0,0.0,-0.0,0.0,2996.826,101.26615,7188.02165,0.0,0.0,0.0,0.0,0.0,0.0,0.0,0.0,0.0,1.0,1.0,1.0,0.0,0.0,0.0,0.0,0.0,0.0,-32.022633,-66.924611,-13.768832,-182.604353,-281.840029,-95.474301,0.0,0.0,0.0,0.0,0.0,0.0,0.0,0.0,0.0,0.0,0.0,0.0,0.0,0.0,0.0,0.0,0.0,0.0,0.0,0.0,0.0,0.0,0.0,0.0,0.0,0.0,0.0,0.0,0.0,0.0,-182.604353,-281.840029,-95.474301
P0,60,B,10,0,0,0.1,7211.787947,6742.345674,8076.082323,5560.303689,2700.628897,6069.102426,5808.447931,5473.126947,6288.343114,5930.605405,5573.929026,6449.477796,6304.411246,5877.523025,6813.461156,1428.274897,1297.451186,1573.547425,2856.549794,2594.902372,3147.09485,0.0,0.0,0.0,0.0,0.0,270.839012,2910.390119,2740.390119,3111.390119,0.775468,0.732304,0.819899,181069.204074,168706.172621,197464.469382,152575.927057,144899.969853,164562.413365,0.774867,0.732204,0.819706,98.0,92.45,104.1,221.5,206.9,241.55,25.0,19.0,32.1,2.0,2.0,2.0,2.0,2.0,2.0,45.0,39.0,52.1,60.0,60.0,60.0,60.0,60.0,60.0,60.0,60.0,60.0,275331.697691,247378.648101,316803.514925,92276.559191,82102.122961,103139.6982,0.011287,0.010007,0.014043,0.365163,0.331996,0.383143,45.0,39.0,52.1,1.0,1.0,1.0,20.0,20.0,20.0,0.0,0.0,0.0,4501.160362,2932.390119,5094.345696,2860.390119,2530.390119,3114.390119,5521.895922,2932.390119,6017.76208,2.0,0.0,4.55,18.0,15.45,20.0,5990.523565,5644.762131,6374.193035,0.1,0.1,0.1,0.0,0.0,0.0,0.0,0.0,0.0,0.0,0.0,0.0,120.0,120.0,120.0,20.0,20.0,20.0,2810.390119,2565.390119,3093.390119,0.0,0.0,0.0,0.0,0.0,0.0,0.0,0.0,0.0,0.0,0.0,0.0,0.0,0.0,0.0,0.0,0.0,0.0,0.0,0.0,0.0,0.0,0.0,0.0,0.0,0.0,0.0,0.0,0.0,0.0,0.0,0.0,0.0,0.0,0.0,0.0,0.0,0.0,0.0,0.0,0.0,0.0,0.0,0.0,0.0,0.0,0.0,0.0,0.0,0.0,0.0,0.0,0.0,0.0,0.0,0.0,0.0,0.0,0.0,0.0,0.0,0.0,0.0,0.0,0.0,0.0,0.0,0.0,0.0,0.0,0.0,0.0,0.0,0.0,0.0,0.0,0.0,0.0,0.0,0.0,0.0,0.0,0.0,0.0,0.0,0.0,0.0,0.0,0.0,0.0,0.0,0.0,0.0,0.0,0.0,0.0,0.0,0.0,0.0,0.0,0.0,0.0,0.0,0.0,0.0,0.0,0.0,0.0,0.0,0.0,0.0,0.0,0.0,0.0,0.0,0.0,0.0,0.0,0.0,0.0,0.0,0.0,0.0,0.0,0.0,0.0,0.0,0.0,0.0,0.0,0.0,0.0
P1c.1,60,B,10,0,0,0.1,7211.787947,6742.345674,8076.082323,5446.004988,1200.280394,6024.83665,5650.893012,5204.387935,6002.535024,5930.605405,5573.929026,6449.477796,6304.411246,5877.523025,6813.461156,1447.05246,1318.161972,1600.20566,2867.302511,2621.498395,3166.87682,0.0,0.0,0.0,0.0,0.0,270.839012,2910.390119,2740.390119,3111.390119,0.775468,0.732304,0.819899,181069.204074,168706.172621,197464.469382,152575.927057,144899.969853,164562.413365,0.774867,0.732204,0.819706,98.0,92.45,104.1,221.5,206.9,241.55,25.0,19.0,32.1,2.0,2.0,2.0,2.0,2.0,2.0,45.0,39.0,52.1,60.0,60.0,60.0,60.0,60.0,60.0,60.0,60.0,60.0,275331.697691,247378.648101,316803.514925,93522.148265,83378.313471,107568.143761,0.011287,0.010007,0.014043,0.365163,0.331996,0.383143,45.0,39.0,52.1,2.0,1.0,2.0,19.0,19.0,20.0,0.0,0.0,0.0,2643.713614,0.0,3849.063217,0.0,0.0,0.0,5103.607501,0.0,5784.300145,2.0,0.0,4.55,18.0,15.45,20.0,5990.523565,5644.762131,6374.193035,0.1,0.1,0.1,0.0,0.0,0.0,0.0,0.0,0.0,0.0,0.0,0.0,120.0,120.0,120.0,20.0,20.0,20.0,0.0,0.0,2782.390119,0.0,0.0,0.0,0.0,-2933.390119,0.0,-277.565543,-301.589012,0.0,0.0,0.0,0.0,0.0,0.0,0.0,19.991442,0.0,66.068398,12.481725,0.0,100.304084,0.0,0.0,0.0,0.0,0.0,0.0,0.0,0.0,0.0,0.0,0.0,0.0,0.0,0.0,0.0,0.0,0.0,0.0,0.0,0.0,0.0,0.0,0.0,0.0,0.0,0.0,0.0,0.0,0.0,0.0,0.0,0.0,0.0,0.0,0.0,0.0,0.0,0.0,0.0,0.0,0.0,0.0,0.0,0.0,0.0,0.0,0.0,0.0,0.0,-0.0,0.0,748.9035,0.0,6018.24505,0.0,-0.0,0.0,0.0,0.0,0.0,0.0,0.0,0.0,1.0,0.0,1.0,-1.0,-1.0,0.0,0.0,0.0,0.0,-2013.593413,-3034.390119,-1156.985212,-2860.390119,-3114.390119,-2530.390119,-300.092074,-3083.590119,0.0,0.0,0.0,0.0,0.0,0.0,0.0,0.0,-151.704743,0.0,0.0,0.0,0.0,0.0,0.0,0.0,0.0,0.0,0.0,0.0,0.0,0.0,0.0,0.0,0.0,0.0,0.0,0.0,-2790.390119,-3093.390119,0.0
P3c.1,60,B,10,0,0,0.1,7211.787947,6704.28265,8076.082323,5446.004988,1215.414332,6024.83665,5658.643012,5204.387935,6005.235024,5930.605405,5573.929026,6449.477796,6304.411246,5877.523025,6813.461156,1447.05246,1310.979334,1597.584238,2944.036386,2621.498395,3414.545487,0.0,0.0,0.0,0.0,0.0,270.839012,2910.390119,2740.175554,3153.175554,0.771179,0.715437,0.812236,180259.00864,168625.267627,197035.548615,152364.880219,144899.969853,164562.413365,0.774867,0.732204,0.819706,98.0,92.45,104.1,220.5,206.9,241.0,25.0,19.0,32.1,2.0,2.0,2.0,2.0,2.0,2.0,45.0,39.0,52.1,60.0,56.5,60.0,60.0,56.5,60.0,60.0,60.0,60.0,275331.697691,247378.648101,316803.514925,93948.052721,83436.813471,107586.143761,0.011292,0.010007,0.014043,0.36514,0.336034,0.383143,45.0,39.0,52.1,2.0,1.0,2.0,19.0,19.0,20.0,0.0,0.0,0.0,2643.713614,0.0,3849.063217,0.0,0.0,0.0,5103.607501,0.0,5784.300145,2.0,0.0,4.55,18.0,15.45,20.0,5990.523565,5644.762131,6379.418035,0.1,0.1,0.1,0.0,0.0,0.0,0.0,0.0,0.0,0.0,0.0,0.0,120.0,120.0,120.0,20.0,20.0,20.0,0.0,0.0,2811.0,0.0,-21.70816,0.0,0.0,-2775.390119,260.5,-275.052277,-300.700951,9.775,0.0,-21.70816,0.0,0.0,-21.70816,0.0,18.326537,-11.375616,73.681884,44.406375,1.111007,414.5,0.0,0.0,0.0,0.0,-3.85,0.0,0.0,-11.681959,121.371103,0.0,-0.030285,0.0,0.0,-2128.617066,0.0,0.0,-798.983843,1932.510392,0.0,-0.000214,0.0,0.0,-0.55,0.0,0.0,-1.1,0.0,0.0,0.0,0.0,0.0,0.0,0.0,0.0,0.0,0.0,0.0,0.0,0.0,0.0,-3.5,0.0,0.0,-3.5,0.0,0.0,0.0,0.0,0.0,-2304.891677,0.0,822.792,-418.0,6131.29045,0.0,-0.0,3e-05,0.0,-0.000707,0.004091,0.0,0.0,0.0,1.0,0.0,1.0,-1.0,-1.0,0.0,0.0,0.0,0.0,-2013.593413,-3034.390119,-1156.985212,-2860.390119,-3114.390119,-2530.390119,-300.092074,-3083.590119,0.0,0.0,0.0,0.0,0.0,0.0,0.0,0.0,-137.652112,9.775,0.0,0.0,0.0,0.0,0.0,0.0,0.0,0.0,0.0,0.0,0.0,0.0,0.0,0.0,0.0,0.0,0.0,0.0,-2790.390119,-3093.390119,99.371103
P0,60,B,10,0,0,0.3,7211.787947,6742.345674,8076.082323,5797.009872,2787.390119,6283.342899,5815.450437,5486.612398,6283.51281,5958.290813,5617.141107,6439.554157,6315.070076,5899.928179,6809.69736,1429.891847,1309.171599,1572.745576,2859.783695,2618.343198,3145.491153,0.0,0.0,0.0,0.0,0.0,270.839012,2910.390119,2740.390119,3111.390119,0.775468,0.732304,0.819899,181069.204074,168706.172621,197464.469382,152575.927057,144899.969853,164562.413365,0.774867,0.732204,0.819706,98.0,92.45,104.1,221.5,206.9,241.55,25.0,19.0,32.1,2.0,2.0,2.0,2.0,2.0,2.0,45.0,39.0,52.1,60.0,60.0,60.0,60.0,60.0,60.0,60.0,60.0,60.0,275331.697691,247378.648101,316803.514925,92810.9805,81972.233522,104040.7575,0.011287,0.010007,0.014043,0.365163,0.331996,0.383143,45.0,39.0,52.1,1.0,1.0,1.0,20.0,20.0,20.0,0.0,0.0,0.0,5308.264155,4856.6841,5709.286761,2810.390119,2565.390119,3093.390119,5827.393009,5496.886823,6198.613113,6.5,4.0,10.0,13.5,10.0,16.0,6150.147836,5695.481194,6612.52005,0.3,0.3,0.3,0.0,0.0,0.0,0.0,0.0,0.0,0.0,0.0,0.0,120.0,120.0,120.0,20.0,20.0,20.0,2810.390119,2565.390119,3093.390119,0.0,0.0,0.0,0.0,0.0,0.0,0.0,0.0,0.0,0.0,0.0,0.0,0.0,0.0,0.0,0.0,0.0,0.0,0.0,0.0,0.0,0.0,0.0,0.0,0.0,0.0,0.0,0.0,0.0,0.0,0.0,0.0,0.0,0.0,0.0,0.0,0.0,0.0,0.0,0.0,0.0,0.0,0.0,0.0,0.0,0.0,0.0,0.0,0.0,0.0,0.0,0.0,0.0,0.0,0.0,0.0,0.0,0.0,0.0,0.0,0.0,0.0,0.0,0.0,0.0,0.0,0.0,0.0,0.0,0.0,0.0,0.0,0.0,0.0,0.0,0.0,0.0,0.0,0.0,0.0,0.0,0.0,0.0,0.0,0.0,0.0,0.0,0.0,0.0,0.0,0.0,0.0,0.0,0.0,0.0,0.0,0.0,0.0,0.0,0.0,0.0,0.0,0.0,0.0,0.0,0.0,0.0,0.0,0.0,0.0,0.0,0.0,0.0,0.0,0.0,0.0,0.0,0.0,0.0,0.0,0.0,0.0,0.0,0.0,0.0,0.0,0.0,0.0,0.0,0.0,0.0,0.0
P1c.3,60,B,10,0,0,0.3,7211.787947,6742.345674,8076.082323,5797.009872,0.0,6283.342899,5537.39816,5217.873386,5983.273798,5958.290813,5617.141107,6439.554157,6315.070076,5899.928179,6809.69736,1464.618114,1346.546077,1608.769273,2893.245228,2655.191215,3181.535583,0.0,0.0,0.0,0.0,0.0,270.839012,2910.390119,2740.390119,3111.390119,0.775468,0.732304,0.819899,181069.204074,168706.172621,197464.469382,152575.927057,144899.969853,164562.413365,0.774867,0.732204,0.819706,98.0,92.45,104.1,221.5,206.9,241.55,25.0,19.0,32.1,2.0,2.0,2.0,2.0,2.0,2.0,45.0,39.0,52.1,60.0,60.0,60.0,60.0,60.0,60.0,60.0,60.0,60.0,275331.697691,247378.648101,316803.514925,95232.846721,84374.480422,104894.427242,0.011287,0.010007,0.014043,0.365163,0.331996,0.383143,45.0,39.0,52.1,2.0,2.0,2.0,19.0,19.0,19.0,0.0,0.0,0.0,4411.082808,3441.661957,5027.268483,0.0,0.0,0.0,5827.393009,5496.886823,6198.613113,6.5,4.0,10.0,13.5,10.0,16.0,6150.147836,5695.481194,6612.52005,0.3,0.3,0.3,0.0,0.0,0.0,0.0,0.0,0.0,0.0,0.0,0.0,120.0,120.0,120.0,20.0,20.0,20.0,0.0,0.0,0.0,0.0,0.0,0.0,0.0,-2924.390119,0.0,-281.552277,-301.589012,-266.950951,0.0,0.0,0.0,0.0,0.0,0.0,26.375375,8.536169,69.298985,31.114083,3.215267,109.011434,0.0,0.0,0.0,0.0,0.0,0.0,0.0,0.0,0.0,0.0,0.0,0.0,0.0,-0.0,0.0,0.0,-0.0,0.0,0.0,0.0,0.0,0.0,0.0,0.0,0.0,0.0,0.0,0.0,0.0,0.0,0.0,0.0,0.0,0.0,0.0,0.0,0.0,0.0,0.0,0.0,0.0,0.0,0.0,0.0,0.0,0.0,0.0,0.0,0.0,0.0,0.0,1866.845,192.916,6540.68605,0.0,-0.0,0.0,0.0,0.0,0.0,0.0,0.0,0.0,1.0,1.0,1.0,-1.0,-1.0,-1.0,0.0,0.0,0.0,-869.644561,-1423.254754,-572.978024,-2810.390119,-3093.390119,-2565.390119,0.0,0.0,0.0,0.0,0.0,0.0,0.0,0.0,0.0,0.0,0.0,0.0,0.0,0.0,0.0,0.0,0.0,0.0,0.0,0.0,0.0,0.0,0.0,0.0,0.0,0.0,0.0,0.0,0.0,0.0,-2810.390119,-3093.390119,-2565.390119
P3c.3,60,B,10,0,0,0.3,7211.787947,6742.345674,8076.082323,5797.009872,0.0,6283.342899,5537.39816,5217.873386,5983.273798,5958.290813,5617.141107,6439.554157,6315.070076,5899.928179,6809.69736,1464.618114,1346.546077,1608.769273,2893.245228,2655.191215,3181.535583,0.0,0.0,0.0,0.0,0.0,270.839012,2910.390119,2740.390119,3111.390119,0.775468,0.732304,0.819899,181069.204074,168706.172621,197464.469382,152575.927057,144899.969853,164562.413365,0.774867,0.732204,0.819706,98.0,92.45,104.1,221.5,206.9,241.55,25.0,19.0,32.1,2.0,2.0,2.0,2.0,2.0,2.0,45.0,39.0,52.1,60.0,60.0,60.0,60.0,60.0,60.0,60.0,60.0,60.0,275331.697691,247378.648101,316803.514925,95232.846721,84374.480422,104894.427242,0.011287,0.010007,0.014043,0.365163,0.331996,0.383143,45.0,39.0,52.1,2.0,2.0,2.0,19.0,19.0,19.0,0.0,0.0,0.0,4411.082808,3441.661957,5027.268483,0.0,0.0,0.0,5827.393009,5496.886823,6198.613113,6.5,4.0,10.0,13.5,10.0,16.0,6150.147836,5695.481194,6612.52005,0.3,0.3,0.3,0.0,0.0,0.0,0.0,0.0,0.0,0.0,0.0,0.0,120.0,120.0,120.0,20.0,20.0,20.0,0.0,0.0,0.0,0.0,0.0,0.0,0.0,-2924.390119,0.0,-281.552277,-301.589012,-266.950951,0.0,0.0,0.0,0.0,0.0,0.0,26.375375,8.536169,69.298985,31.114083,3.215267,109.011434,0.0,0.0,0.0,0.0,0.0,0.0,0.0,0.0,0.0,0.0,0.0,0.0,0.0,-0.0,0.0,0.0,-0.0,0.0,0.0,0.0,0.0,0.0,0.0,0.0,0.0,0.0,0.0,0.0,0.0,0.0,0.0,0.0,0.0,0.0,0.0,0.0,0.0,0.0,0.0,0.0,0.0,0.0,0.0,0.0,0.0,0.0,0.0,0.0,0.0,0.0,0.0,1866.845,192.916,6540.68605,0.0,-0.0,0.0,0.0,0.0,0.0,0.0,0.0,0.0,1.0,1.0,1.0,-1.0,-1.0,-1.0,0.0,0.0,0.0,-869.644561,-1423.254754,-572.978024,-2810.390119,-3093.390119,-2565.390119,0.0,0.0,0.0,0.0,0.0,0.0,0.0,0.0,0.0,0.0,0.0,0.0,0.0,0.0,0.0,0.0,0.0,0.0,0.0,0.0,0.0,0.0,0.0,0.0,0.0,0.0,0.0,0.0,0.0,0.0,-2810.390119,-3093.390119,-2565.390119
